observableId	simulationConditionId	time	measurement	noiseParameters	replicateId
obs_total_pS1	cond_il10_1	0	0.0	sigma_pSTAT1	Exp1
obs_total_pS1	cond_il10_1	0	0.0	sigma_pSTAT1	Exp2
obs_total_pS1	cond_il10_1	0	0.0	sigma_pSTAT1	Exp3
obs_total_pS1	cond_il10_1	0	0.0	sigma_pSTAT1	Exp4
obs_total_pS1	cond_il10_1	0	0.0	sigma_pSTAT1	Exp5
obs_total_pS1	cond_il10_1	10	0.2055709010532647	sigma_pSTAT1	Exp1
obs_total_pS1	cond_il10_1	10	0.02117204778701802	sigma_pSTAT1	Exp3
obs_total_pS1	cond_il10_1	10	0.0	sigma_pSTAT1	Exp4
obs_total_pS1	cond_il10_1	10	0.1412215850471746	sigma_pSTAT1	Exp5
obs_total_pS1	cond_il10_1	20	0.22602786333255137	sigma_pSTAT1	Exp1
obs_total_pS1	cond_il10_1	20	0.08092685773092875	sigma_pSTAT1	Exp2
obs_total_pS1	cond_il10_1	20	0.06173744656185667	sigma_pSTAT1	Exp3
obs_total_pS1	cond_il10_1	20	0.0	sigma_pSTAT1	Exp4
obs_total_pS1	cond_il10_1	20	0.116095044265984	sigma_pSTAT1	Exp5
obs_total_pS1	cond_il10_1	30	0.11279928962457433	sigma_pSTAT1	Exp1
obs_total_pS1	cond_il10_1	30	0.10633899652227558	sigma_pSTAT1	Exp3
obs_total_pS1	cond_il10_1	30	0.0	sigma_pSTAT1	Exp4
obs_total_pS1	cond_il10_1	30	0.09943800109167351	sigma_pSTAT1	Exp5
obs_total_pS1	cond_il10_1	45	0.3004147141974597	sigma_pSTAT1	Exp1
obs_total_pS1	cond_il10_1	45	0.1854620429461287	sigma_pSTAT1	Exp2
obs_total_pS1	cond_il10_1	45	0.0	sigma_pSTAT1	Exp3
obs_total_pS1	cond_il10_1	45	0.21295109964008158	sigma_pSTAT1	Exp4
obs_total_pS1	cond_il10_1	45	0.0	sigma_pSTAT1	Exp5
obs_total_pS1	cond_il10_1	60	0.1595365533499502	sigma_pSTAT1	Exp1
obs_total_pS1	cond_il10_1	60	0.10258311589896607	sigma_pSTAT1	Exp2
obs_total_pS1	cond_il10_1	60	0.0	sigma_pSTAT1	Exp3
obs_total_pS1	cond_il10_1	60	0.24958636010613208	sigma_pSTAT1	Exp4
obs_total_pS1	cond_il10_1	60	0.0	sigma_pSTAT1	Exp5
obs_total_pS1	cond_il10_1	90	0.13062260704984271	sigma_pSTAT1	Exp1
obs_total_pS1	cond_il10_1	90	0.08331724924106412	sigma_pSTAT1	Exp2
obs_total_pS1	cond_il10_1	90	0.0	sigma_pSTAT1	Exp3
obs_total_pS1	cond_il10_1	90	0.20389428347366817	sigma_pSTAT1	Exp4
obs_total_pS1	cond_il10_1	90	0.0	sigma_pSTAT1	Exp5
obs_total_pS1	cond_il10_10	0	0.0	sigma_pSTAT1	Exp1
obs_total_pS1	cond_il10_10	0	0.0	sigma_pSTAT1	Exp2
obs_total_pS1	cond_il10_10	0	0.0	sigma_pSTAT1	Exp3
obs_total_pS1	cond_il10_10	0	0.0	sigma_pSTAT1	Exp4
obs_total_pS1	cond_il10_10	0	0.0	sigma_pSTAT1	Exp5
obs_total_pS1	cond_il10_10	10	0.3651947402670044	sigma_pSTAT1	Exp1
obs_total_pS1	cond_il10_10	10	0.06378609136301129	sigma_pSTAT1	Exp3
obs_total_pS1	cond_il10_10	10	0.15594116915910208	sigma_pSTAT1	Exp4
obs_total_pS1	cond_il10_10	10	0.1968022174120634	sigma_pSTAT1	Exp5
obs_total_pS1	cond_il10_10	20	0.9381038827446273	sigma_pSTAT1	Exp1
obs_total_pS1	cond_il10_10	20	0.4547631331260991	sigma_pSTAT1	Exp2
obs_total_pS1	cond_il10_10	20	0.4447065820580456	sigma_pSTAT1	Exp3
obs_total_pS1	cond_il10_10	20	0.07627735653884067	sigma_pSTAT1	Exp4
obs_total_pS1	cond_il10_10	20	0.25630895374466744	sigma_pSTAT1	Exp5
obs_total_pS1	cond_il10_10	30	0.6124201264492615	sigma_pSTAT1	Exp1
obs_total_pS1	cond_il10_10	30	0.3351465786343095	sigma_pSTAT1	Exp3
obs_total_pS1	cond_il10_10	30	0.482059077586299	sigma_pSTAT1	Exp4
obs_total_pS1	cond_il10_10	30	0.20322196396843456	sigma_pSTAT1	Exp5
obs_total_pS1	cond_il10_10	45	0.12436354752715306	sigma_pSTAT1	Exp1
obs_total_pS1	cond_il10_10	45	0.31321440920734545	sigma_pSTAT1	Exp2
obs_total_pS1	cond_il10_10	45	0.0	sigma_pSTAT1	Exp3
obs_total_pS1	cond_il10_10	45	0.3060025438156613	sigma_pSTAT1	Exp4
obs_total_pS1	cond_il10_10	45	0.12198523863756039	sigma_pSTAT1	Exp5
obs_total_pS1	cond_il10_10	60	0.0	sigma_pSTAT1	Exp1
obs_total_pS1	cond_il10_10	60	0.16743802669974991	sigma_pSTAT1	Exp2
obs_total_pS1	cond_il10_10	60	0.0	sigma_pSTAT1	Exp3
obs_total_pS1	cond_il10_10	60	0.29889807658124784	sigma_pSTAT1	Exp4
obs_total_pS1	cond_il10_10	60	0.0	sigma_pSTAT1	Exp5
obs_total_pS1	cond_il10_10	90	0.0	sigma_pSTAT1	Exp1
obs_total_pS1	cond_il10_10	90	0.054371408990441586	sigma_pSTAT1	Exp2
obs_total_pS1	cond_il10_10	90	0.0	sigma_pSTAT1	Exp3
obs_total_pS1	cond_il10_10	90	0.14145682401608528	sigma_pSTAT1	Exp4
obs_total_pS1	cond_il10_10	90	0.0	sigma_pSTAT1	Exp5
obs_total_pS1	cond_il6_1	0	0.0	sigma_pSTAT1	Exp1
obs_total_pS1	cond_il6_1	0	0.0	sigma_pSTAT1	Exp2
obs_total_pS1	cond_il6_1	0	0.0	sigma_pSTAT1	Exp3
obs_total_pS1	cond_il6_1	0	0.0	sigma_pSTAT1	Exp4
obs_total_pS1	cond_il6_1	0	0.0	sigma_pSTAT1	Exp5
obs_total_pS1	cond_il6_1	10	0.07430376317453215	sigma_pSTAT1	Exp1
obs_total_pS1	cond_il6_1	10	0.15714995381878377	sigma_pSTAT1	Exp3
obs_total_pS1	cond_il6_1	10	0.10140263333829787	sigma_pSTAT1	Exp4
obs_total_pS1	cond_il6_1	10	0.054474829107280034	sigma_pSTAT1	Exp5
obs_total_pS1	cond_il6_1	20	0.047889731833610685	sigma_pSTAT1	Exp1
obs_total_pS1	cond_il6_1	20	0.3166266196167135	sigma_pSTAT1	Exp2
obs_total_pS1	cond_il6_1	20	0.38606569812255515	sigma_pSTAT1	Exp3
obs_total_pS1	cond_il6_1	20	0.00912353047146895	sigma_pSTAT1	Exp4
obs_total_pS1	cond_il6_1	20	0.13709462183912763	sigma_pSTAT1	Exp5
obs_total_pS1	cond_il6_1	30	0.1470179755637674	sigma_pSTAT1	Exp1
obs_total_pS1	cond_il6_1	30	0.2446971866888667	sigma_pSTAT1	Exp3
obs_total_pS1	cond_il6_1	30	0.19441962646816074	sigma_pSTAT1	Exp4
obs_total_pS1	cond_il6_1	30	0.08080815198838591	sigma_pSTAT1	Exp5
obs_total_pS1	cond_il6_1	45	0.11909440895466523	sigma_pSTAT1	Exp1
obs_total_pS1	cond_il6_1	45	0.17871733109195795	sigma_pSTAT1	Exp2
obs_total_pS1	cond_il6_1	45	0.04558742053171671	sigma_pSTAT1	Exp3
obs_total_pS1	cond_il6_1	45	0.0	sigma_pSTAT1	Exp4
obs_total_pS1	cond_il6_1	45	0.0	sigma_pSTAT1	Exp5
obs_total_pS1	cond_il6_1	60	0.0	sigma_pSTAT1	Exp1
obs_total_pS1	cond_il6_1	60	0.0558095217284511	sigma_pSTAT1	Exp2
obs_total_pS1	cond_il6_1	60	0.0	sigma_pSTAT1	Exp3
obs_total_pS1	cond_il6_1	60	0.04755249899832952	sigma_pSTAT1	Exp4
obs_total_pS1	cond_il6_1	60	0.0	sigma_pSTAT1	Exp5
obs_total_pS1	cond_il6_1	90	0.0	sigma_pSTAT1	Exp1
obs_total_pS1	cond_il6_1	90	0.13999862714315664	sigma_pSTAT1	Exp2
obs_total_pS1	cond_il6_1	90	0.0	sigma_pSTAT1	Exp3
obs_total_pS1	cond_il6_1	90	0.07318012318054391	sigma_pSTAT1	Exp4
obs_total_pS1	cond_il6_1	90	0.0	sigma_pSTAT1	Exp5
obs_total_pS1	cond_il6_10	0	0.0	sigma_pSTAT1	Exp1
obs_total_pS1	cond_il6_10	0	0.0	sigma_pSTAT1	Exp2
obs_total_pS1	cond_il6_10	0	0.0	sigma_pSTAT1	Exp3
obs_total_pS1	cond_il6_10	0	0.0	sigma_pSTAT1	Exp4
obs_total_pS1	cond_il6_10	0	0.0	sigma_pSTAT1	Exp5
obs_total_pS1	cond_il6_10	10	0.7481211332059993	sigma_pSTAT1	Exp1
obs_total_pS1	cond_il6_10	10	0.7031929463878157	sigma_pSTAT1	Exp3
obs_total_pS1	cond_il6_10	10	0.5611085703355067	sigma_pSTAT1	Exp4
obs_total_pS1	cond_il6_10	10	0.2442225012097293	sigma_pSTAT1	Exp5
obs_total_pS1	cond_il6_10	20	1.0	sigma_pSTAT1	Exp1
obs_total_pS1	cond_il6_10	20	1.0	sigma_pSTAT1	Exp2
obs_total_pS1	cond_il6_10	20	1.0	sigma_pSTAT1	Exp3
obs_total_pS1	cond_il6_10	20	1.0	sigma_pSTAT1	Exp4
obs_total_pS1	cond_il6_10	20	1.0	sigma_pSTAT1	Exp5
obs_total_pS1	cond_il6_10	30	0.8255530360182288	sigma_pSTAT1	Exp1
obs_total_pS1	cond_il6_10	30	0.7565445489355727	sigma_pSTAT1	Exp3
obs_total_pS1	cond_il6_10	30	1.301246862948271	sigma_pSTAT1	Exp4
obs_total_pS1	cond_il6_10	30	0.29276051508897505	sigma_pSTAT1	Exp5
obs_total_pS1	cond_il6_10	45	0.15359480345090426	sigma_pSTAT1	Exp1
obs_total_pS1	cond_il6_10	45	0.33750594004724205	sigma_pSTAT1	Exp2
obs_total_pS1	cond_il6_10	45	0.29293939804149133	sigma_pSTAT1	Exp3
obs_total_pS1	cond_il6_10	45	0.31232877853343	sigma_pSTAT1	Exp4
obs_total_pS1	cond_il6_10	45	0.16979076425167236	sigma_pSTAT1	Exp5
obs_total_pS1	cond_il6_10	60	0.3982052419421935	sigma_pSTAT1	Exp1
obs_total_pS1	cond_il6_10	60	0.12035073882932348	sigma_pSTAT1	Exp2
obs_total_pS1	cond_il6_10	60	0.03618450824616507	sigma_pSTAT1	Exp3
obs_total_pS1	cond_il6_10	60	0.37660420259792793	sigma_pSTAT1	Exp4
obs_total_pS1	cond_il6_10	60	0.0	sigma_pSTAT1	Exp5
obs_total_pS1	cond_il6_10	90	0.0	sigma_pSTAT1	Exp1
obs_total_pS1	cond_il6_10	90	0.12923767267603514	sigma_pSTAT1	Exp2
obs_total_pS1	cond_il6_10	90	0.0	sigma_pSTAT1	Exp3
obs_total_pS1	cond_il6_10	90	0.14312692214660716	sigma_pSTAT1	Exp4
obs_total_pS1	cond_il6_10	90	0.0	sigma_pSTAT1	Exp5
obs_total_pS1	cond_il6_10_il10_10	0	0.0	sigma_pSTAT1	Exp1
obs_total_pS1	cond_il6_10_il10_10	0	0.0	sigma_pSTAT1	Exp2
obs_total_pS1	cond_il6_10_il10_10	0	0.0	sigma_pSTAT1	Exp3
obs_total_pS1	cond_il6_10_il10_10	0	0.0	sigma_pSTAT1	Exp4
obs_total_pS1	cond_il6_10_il10_10	0	0.0	sigma_pSTAT1	Exp5
obs_total_pS1	cond_il6_10_il10_10	10	0.8118262878692791	sigma_pSTAT1	Exp1
obs_total_pS1	cond_il6_10_il10_10	10	1.1275926265975518	sigma_pSTAT1	Exp3
obs_total_pS1	cond_il6_10_il10_10	10	0.8178295258667584	sigma_pSTAT1	Exp4
obs_total_pS1	cond_il6_10_il10_10	10	0.5361438048678921	sigma_pSTAT1	Exp5
obs_total_pS1	cond_il6_10_il10_10	20	1.3669998297237544	sigma_pSTAT1	Exp1
obs_total_pS1	cond_il6_10_il10_10	20	1.6906632843099139	sigma_pSTAT1	Exp2
obs_total_pS1	cond_il6_10_il10_10	20	1.6245742663336185	sigma_pSTAT1	Exp3
obs_total_pS1	cond_il6_10_il10_10	20	1.707476724358198	sigma_pSTAT1	Exp4
obs_total_pS1	cond_il6_10_il10_10	20	1.166466817835009	sigma_pSTAT1	Exp5
obs_total_pS1	cond_il6_10_il10_10	30	0.8538814622382574	sigma_pSTAT1	Exp1
obs_total_pS1	cond_il6_10_il10_10	30	0.7447919658002374	sigma_pSTAT1	Exp3
obs_total_pS1	cond_il6_10_il10_10	30	1.201942290386441	sigma_pSTAT1	Exp4
obs_total_pS1	cond_il6_10_il10_10	30	0.561488527895947	sigma_pSTAT1	Exp5
obs_total_pS1	cond_il6_10_il10_10	45	0.22488807315197626	sigma_pSTAT1	Exp1
obs_total_pS1	cond_il6_10_il10_10	45	0.6684386593488574	sigma_pSTAT1	Exp2
obs_total_pS1	cond_il6_10_il10_10	45	0.3577098808453939	sigma_pSTAT1	Exp3
obs_total_pS1	cond_il6_10_il10_10	45	0.6315693673057544	sigma_pSTAT1	Exp4
obs_total_pS1	cond_il6_10_il10_10	45	0.022348245060590237	sigma_pSTAT1	Exp5
obs_total_pS1	cond_il6_10_il10_10	60	0.0	sigma_pSTAT1	Exp1
obs_total_pS1	cond_il6_10_il10_10	60	0.2712624338937706	sigma_pSTAT1	Exp2
obs_total_pS1	cond_il6_10_il10_10	60	0.09917775135662879	sigma_pSTAT1	Exp3
obs_total_pS1	cond_il6_10_il10_10	60	0.47761627652966093	sigma_pSTAT1	Exp4
obs_total_pS1	cond_il6_10_il10_10	60	0.0	sigma_pSTAT1	Exp5
obs_total_pS1	cond_il6_10_il10_10	90	0.02462812559049858	sigma_pSTAT1	Exp1
obs_total_pS1	cond_il6_10_il10_10	90	0.07844978680881697	sigma_pSTAT1	Exp2
obs_total_pS1	cond_il6_10_il10_10	90	0.0	sigma_pSTAT1	Exp3
obs_total_pS1	cond_il6_10_il10_10	90	0.6211542652852561	sigma_pSTAT1	Exp4
obs_total_pS1	cond_il6_10_il10_10	90	0.0	sigma_pSTAT1	Exp5
obs_total_pS1	cond_il6_1_il10_1	0	0.0	sigma_pSTAT1	Exp1
obs_total_pS1	cond_il6_1_il10_1	0	0.0	sigma_pSTAT1	Exp2
obs_total_pS1	cond_il6_1_il10_1	0	0.0	sigma_pSTAT1	Exp3
obs_total_pS1	cond_il6_1_il10_1	0	0.0	sigma_pSTAT1	Exp5
obs_total_pS1	cond_il6_1_il10_1	10	0.19433314149163627	sigma_pSTAT1	Exp1
obs_total_pS1	cond_il6_1_il10_1	10	0.1929467935242016	sigma_pSTAT1	Exp3
obs_total_pS1	cond_il6_1_il10_1	10	0.06857948993481705	sigma_pSTAT1	Exp5
obs_total_pS1	cond_il6_1_il10_1	20	0.2702268168836135	sigma_pSTAT1	Exp1
obs_total_pS1	cond_il6_1_il10_1	20	0.44965381694865264	sigma_pSTAT1	Exp2
obs_total_pS1	cond_il6_1_il10_1	20	0.33108319222527	sigma_pSTAT1	Exp3
obs_total_pS1	cond_il6_1_il10_1	20	0.17579783789670714	sigma_pSTAT1	Exp5
obs_total_pS1	cond_il6_1_il10_1	30	0.3039491869771495	sigma_pSTAT1	Exp1
obs_total_pS1	cond_il6_1_il10_1	30	0.2787340545560451	sigma_pSTAT1	Exp3
obs_total_pS1	cond_il6_1_il10_1	30	0.17333612222133818	sigma_pSTAT1	Exp5
obs_total_pS1	cond_il6_1_il10_1	45	0.0	sigma_pSTAT1	Exp1
obs_total_pS1	cond_il6_1_il10_1	45	0.180993296709653	sigma_pSTAT1	Exp2
obs_total_pS1	cond_il6_1_il10_1	45	0.03589381231977555	sigma_pSTAT1	Exp3
obs_total_pS1	cond_il6_1_il10_1	45	0.0	sigma_pSTAT1	Exp5
obs_total_pS1	cond_il6_1_il10_1	60	0.008947808878072214	sigma_pSTAT1	Exp1
obs_total_pS1	cond_il6_1_il10_1	60	0.1668152680473528	sigma_pSTAT1	Exp2
obs_total_pS1	cond_il6_1_il10_1	60	0.0	sigma_pSTAT1	Exp3
obs_total_pS1	cond_il6_1_il10_1	60	0.0	sigma_pSTAT1	Exp5
obs_total_pS1	cond_il6_1_il10_1	90	0.0	sigma_pSTAT1	Exp1
obs_total_pS1	cond_il6_1_il10_1	90	0.11183172608868483	sigma_pSTAT1	Exp2
obs_total_pS1	cond_il6_1_il10_1	90	0.0	sigma_pSTAT1	Exp3
obs_total_pS1	cond_il6_1_il10_1	90	0.0	sigma_pSTAT1	Exp5
obs_total_pS3	cond_il10_1	0	0.0	sigma_pSTAT3	Exp1
obs_total_pS3	cond_il10_1	0	0.0	sigma_pSTAT3	Exp2
obs_total_pS3	cond_il10_1	0	0.0	sigma_pSTAT3	Exp3
obs_total_pS3	cond_il10_1	0	0.0	sigma_pSTAT3	Exp4
obs_total_pS3	cond_il10_1	0	0.0	sigma_pSTAT3	Exp5
obs_total_pS3	cond_il10_1	0	0.0	sigma_pSTAT3	Exp6
obs_total_pS3	cond_il10_1	0	0.0	sigma_pSTAT3	Exp7
obs_total_pS3	cond_il10_1	0	0.0	sigma_pSTAT3	Exp8
obs_total_pS3	cond_il10_1	0	0.0	sigma_pSTAT3	Exp9
obs_total_pS3	cond_il10_1	10	0.3043325428082097	sigma_pSTAT3	Exp1
obs_total_pS3	cond_il10_1	10	0.23618146299166148	sigma_pSTAT3	Exp2
obs_total_pS3	cond_il10_1	10	0.5057335951682033	sigma_pSTAT3	Exp3
obs_total_pS3	cond_il10_1	10	0.3032176111056078	sigma_pSTAT3	Exp4
obs_total_pS3	cond_il10_1	10	0.1046449009849534	sigma_pSTAT3	Exp5
obs_total_pS3	cond_il10_1	10	0.018967334035827187	sigma_pSTAT3	Exp6
obs_total_pS3	cond_il10_1	10	0.7214287852590512	sigma_pSTAT3	Exp7
obs_total_pS3	cond_il10_1	10	0.23632483424040807	sigma_pSTAT3	Exp8
obs_total_pS3	cond_il10_1	10	0.5895353707254684	sigma_pSTAT3	Exp9
obs_total_pS3	cond_il10_1	20	0.6323549612435323	sigma_pSTAT3	Exp1
obs_total_pS3	cond_il10_1	20	0.6759178920348228	sigma_pSTAT3	Exp2
obs_total_pS3	cond_il10_1	20	0.5936228495769809	sigma_pSTAT3	Exp3
obs_total_pS3	cond_il10_1	20	0.5149002585498066	sigma_pSTAT3	Exp4
obs_total_pS3	cond_il10_1	20	0.25428012087232466	sigma_pSTAT3	Exp5
obs_total_pS3	cond_il10_1	20	0.291886195995785	sigma_pSTAT3	Exp6
obs_total_pS3	cond_il10_1	20	1.0324177800630758	sigma_pSTAT3	Exp7
obs_total_pS3	cond_il10_1	20	0.5094591028314731	sigma_pSTAT3	Exp8
obs_total_pS3	cond_il10_1	20	0.6551707208160717	sigma_pSTAT3	Exp9
obs_total_pS3	cond_il10_1	30	0.7290591567634895	sigma_pSTAT3	Exp1
obs_total_pS3	cond_il10_1	30	0.6626316188189171	sigma_pSTAT3	Exp3
obs_total_pS3	cond_il10_1	30	0.8739222465965361	sigma_pSTAT3	Exp7
obs_total_pS3	cond_il10_1	30	0.5247059717924583	sigma_pSTAT3	Exp8
obs_total_pS3	cond_il10_1	30	0.664869636289633	sigma_pSTAT3	Exp9
obs_total_pS3	cond_il10_1	45	0.6241519172629135	sigma_pSTAT3	Exp7
obs_total_pS3	cond_il10_1	45	0.859414522930697	sigma_pSTAT3	Exp8
obs_total_pS3	cond_il10_1	45	0.3799832114231335	sigma_pSTAT3	Exp9
obs_total_pS3	cond_il10_1	60	0.6058710038412674	sigma_pSTAT3	Exp1
obs_total_pS3	cond_il10_1	60	0.6458868176623704	sigma_pSTAT3	Exp2
obs_total_pS3	cond_il10_1	60	0.5898158991454152	sigma_pSTAT3	Exp3
obs_total_pS3	cond_il10_1	60	0.6765685886444177	sigma_pSTAT3	Exp4
obs_total_pS3	cond_il10_1	60	0.3870787244134517	sigma_pSTAT3	Exp5
obs_total_pS3	cond_il10_1	60	0.7418335089567967	sigma_pSTAT3	Exp6
obs_total_pS3	cond_il10_1	60	0.5541862873922102	sigma_pSTAT3	Exp7
obs_total_pS3	cond_il10_1	60	0.7554348958851144	sigma_pSTAT3	Exp8
obs_total_pS3	cond_il10_1	60	0.19251903638325216	sigma_pSTAT3	Exp9
obs_total_pS3	cond_il10_1	90	0.5472771219566125	sigma_pSTAT3	Exp2
obs_total_pS3	cond_il10_1	90	0.33415957827460846	sigma_pSTAT3	Exp4
obs_total_pS3	cond_il10_1	90	0.38780443717579466	sigma_pSTAT3	Exp5
obs_total_pS3	cond_il10_1	90	0.5152792413066386	sigma_pSTAT3	Exp6
obs_total_pS3	cond_il10_1	90	0.6782821514796945	sigma_pSTAT3	Exp7
obs_total_pS3	cond_il10_1	90	0.6269126659309094	sigma_pSTAT3	Exp8
obs_total_pS3	cond_il10_1	90	0.15164343058251772	sigma_pSTAT3	Exp9
obs_total_pS3	cond_il10_10	0	0.0	sigma_pSTAT3	Exp1
obs_total_pS3	cond_il10_10	0	0.0	sigma_pSTAT3	Exp2
obs_total_pS3	cond_il10_10	0	0.0	sigma_pSTAT3	Exp3
obs_total_pS3	cond_il10_10	0	0.0	sigma_pSTAT3	Exp4
obs_total_pS3	cond_il10_10	0	0.0	sigma_pSTAT3	Exp5
obs_total_pS3	cond_il10_10	0	0.0	sigma_pSTAT3	Exp6
obs_total_pS3	cond_il10_10	0	0.0	sigma_pSTAT3	Exp7
obs_total_pS3	cond_il10_10	0	0.0	sigma_pSTAT3	Exp8
obs_total_pS3	cond_il10_10	0	0.0	sigma_pSTAT3	Exp9
obs_total_pS3	cond_il10_10	10	0.841092545079663	sigma_pSTAT3	Exp1
obs_total_pS3	cond_il10_10	10	0.9462275525471364	sigma_pSTAT3	Exp2
obs_total_pS3	cond_il10_10	10	1.0918194073975773	sigma_pSTAT3	Exp3
obs_total_pS3	cond_il10_10	10	1.0415476879372505	sigma_pSTAT3	Exp4
obs_total_pS3	cond_il10_10	10	0.34358903568981564	sigma_pSTAT3	Exp5
obs_total_pS3	cond_il10_10	10	0.3498419388830348	sigma_pSTAT3	Exp6
obs_total_pS3	cond_il10_10	10	1.328753927797074	sigma_pSTAT3	Exp7
obs_total_pS3	cond_il10_10	10	1.0053081673955244	sigma_pSTAT3	Exp8
obs_total_pS3	cond_il10_10	10	1.1268828179862218	sigma_pSTAT3	Exp9
obs_total_pS3	cond_il10_10	20	0.9119195254571009	sigma_pSTAT3	Exp1
obs_total_pS3	cond_il10_10	20	0.9131594722680164	sigma_pSTAT3	Exp2
obs_total_pS3	cond_il10_10	20	1.024979179850658	sigma_pSTAT3	Exp3
obs_total_pS3	cond_il10_10	20	0.9192012027618225	sigma_pSTAT3	Exp4
obs_total_pS3	cond_il10_10	20	0.7869096132175293	sigma_pSTAT3	Exp5
obs_total_pS3	cond_il10_10	20	1.0189673340358272	sigma_pSTAT3	Exp6
obs_total_pS3	cond_il10_10	20	1.5535664600040173	sigma_pSTAT3	Exp7
obs_total_pS3	cond_il10_10	20	0.9185716809848558	sigma_pSTAT3	Exp8
obs_total_pS3	cond_il10_10	20	1.4247900429339293	sigma_pSTAT3	Exp9
obs_total_pS3	cond_il10_10	30	0.9920004443791605	sigma_pSTAT3	Exp1
obs_total_pS3	cond_il10_10	30	0.9580224795975955	sigma_pSTAT3	Exp3
obs_total_pS3	cond_il10_10	30	1.308151930524673	sigma_pSTAT3	Exp7
obs_total_pS3	cond_il10_10	30	0.8873962232001407	sigma_pSTAT3	Exp8
obs_total_pS3	cond_il10_10	30	1.060519100155984	sigma_pSTAT3	Exp9
obs_total_pS3	cond_il10_10	45	0.6132502366873049	sigma_pSTAT3	Exp7
obs_total_pS3	cond_il10_10	45	1.0072649483975218	sigma_pSTAT3	Exp8
obs_total_pS3	cond_il10_10	45	0.7223040004582719	sigma_pSTAT3	Exp9
obs_total_pS3	cond_il10_10	60	0.6902524351800968	sigma_pSTAT3	Exp1
obs_total_pS3	cond_il10_10	60	0.5634344522094995	sigma_pSTAT3	Exp2
obs_total_pS3	cond_il10_10	60	0.5516251905609223	sigma_pSTAT3	Exp3
obs_total_pS3	cond_il10_10	60	0.37935073467407526	sigma_pSTAT3	Exp4
obs_total_pS3	cond_il10_10	60	0.5081013158778458	sigma_pSTAT3	Exp5
obs_total_pS3	cond_il10_10	60	0.6501580611169653	sigma_pSTAT3	Exp6
obs_total_pS3	cond_il10_10	60	0.3961336188429806	sigma_pSTAT3	Exp7
obs_total_pS3	cond_il10_10	60	0.7553615994176923	sigma_pSTAT3	Exp8
obs_total_pS3	cond_il10_10	60	0.27958756672485574	sigma_pSTAT3	Exp9
obs_total_pS3	cond_il10_10	90	0.4142758447204472	sigma_pSTAT3	Exp2
obs_total_pS3	cond_il10_10	90	0.346427103945934	sigma_pSTAT3	Exp4
obs_total_pS3	cond_il10_10	90	0.32310628807171454	sigma_pSTAT3	Exp5
obs_total_pS3	cond_il10_10	90	0.5848261327713382	sigma_pSTAT3	Exp6
obs_total_pS3	cond_il10_10	90	0.3092733137612099	sigma_pSTAT3	Exp7
obs_total_pS3	cond_il10_10	90	0.49803663839948176	sigma_pSTAT3	Exp8
obs_total_pS3	cond_il10_10	90	0.17420778390509392	sigma_pSTAT3	Exp9
obs_total_pS3	cond_il6_1	0	0.0	sigma_pSTAT3	Exp1
obs_total_pS3	cond_il6_1	0	0.0	sigma_pSTAT3	Exp2
obs_total_pS3	cond_il6_1	0	0.0	sigma_pSTAT3	Exp3
obs_total_pS3	cond_il6_1	0	0.0	sigma_pSTAT3	Exp4
obs_total_pS3	cond_il6_1	0	0.0	sigma_pSTAT3	Exp5
obs_total_pS3	cond_il6_1	0	0.0	sigma_pSTAT3	Exp6
obs_total_pS3	cond_il6_1	0	0.0	sigma_pSTAT3	Exp7
obs_total_pS3	cond_il6_1	0	0.0	sigma_pSTAT3	Exp8
obs_total_pS3	cond_il6_1	0	0.0	sigma_pSTAT3	Exp9
obs_total_pS3	cond_il6_1	10	0.18820488054787252	sigma_pSTAT3	Exp1
obs_total_pS3	cond_il6_1	10	0.557973760182752	sigma_pSTAT3	Exp2
obs_total_pS3	cond_il6_1	10	0.704167465090582	sigma_pSTAT3	Exp3
obs_total_pS3	cond_il6_1	10	0.3802332063825098	sigma_pSTAT3	Exp4
obs_total_pS3	cond_il6_1	10	0.14474690756692404	sigma_pSTAT3	Exp5
obs_total_pS3	cond_il6_1	10	0.16547805378586194	sigma_pSTAT3	Exp6
obs_total_pS3	cond_il6_1	10	0.17650873521439805	sigma_pSTAT3	Exp7
obs_total_pS3	cond_il6_1	10	0.3856648187200277	sigma_pSTAT3	Exp8
obs_total_pS3	cond_il6_1	10	0.14869843000411115	sigma_pSTAT3	Exp9
obs_total_pS3	cond_il6_1	20	0.6932838897101552	sigma_pSTAT3	Exp1
obs_total_pS3	cond_il6_1	20	0.7707217963277779	sigma_pSTAT3	Exp2
obs_total_pS3	cond_il6_1	20	0.88118951037846	sigma_pSTAT3	Exp3
obs_total_pS3	cond_il6_1	20	0.638129291123988	sigma_pSTAT3	Exp4
obs_total_pS3	cond_il6_1	20	0.2336869960764237	sigma_pSTAT3	Exp5
obs_total_pS3	cond_il6_1	20	0.5241291327851517	sigma_pSTAT3	Exp6
obs_total_pS3	cond_il6_1	20	0.46587837925424896	sigma_pSTAT3	Exp7
obs_total_pS3	cond_il6_1	20	0.6353916287962941	sigma_pSTAT3	Exp8
obs_total_pS3	cond_il6_1	20	0.6079634447463861	sigma_pSTAT3	Exp9
obs_total_pS3	cond_il6_1	30	0.6618119007558805	sigma_pSTAT3	Exp1
obs_total_pS3	cond_il6_1	30	0.7580333169283024	sigma_pSTAT3	Exp3
obs_total_pS3	cond_il6_1	30	0.5831589848701466	sigma_pSTAT3	Exp7
obs_total_pS3	cond_il6_1	30	0.7186419203644523	sigma_pSTAT3	Exp8
obs_total_pS3	cond_il6_1	30	0.40193452290784265	sigma_pSTAT3	Exp9
obs_total_pS3	cond_il6_1	45	0.21777186552912378	sigma_pSTAT3	Exp7
obs_total_pS3	cond_il6_1	45	0.6835927756343372	sigma_pSTAT3	Exp8
obs_total_pS3	cond_il6_1	45	0.0	sigma_pSTAT3	Exp9
obs_total_pS3	cond_il6_1	60	0.3686068798812196	sigma_pSTAT3	Exp1
obs_total_pS3	cond_il6_1	60	0.24841188276215143	sigma_pSTAT3	Exp2
obs_total_pS3	cond_il6_1	60	0.2823374340612676	sigma_pSTAT3	Exp3
obs_total_pS3	cond_il6_1	60	0.14884266380841213	sigma_pSTAT3	Exp4
obs_total_pS3	cond_il6_1	60	0.2842419960349702	sigma_pSTAT3	Exp5
obs_total_pS3	cond_il6_1	60	0.2661300752837534	sigma_pSTAT3	Exp6
obs_total_pS3	cond_il6_1	60	0.032410572282938116	sigma_pSTAT3	Exp7
obs_total_pS3	cond_il6_1	60	0.4945465794594617	sigma_pSTAT3	Exp8
obs_total_pS3	cond_il6_1	60	0.0	sigma_pSTAT3	Exp9
obs_total_pS3	cond_il6_1	90	0.15614295022945765	sigma_pSTAT3	Exp2
obs_total_pS3	cond_il6_1	90	0.03931499456714907	sigma_pSTAT3	Exp4
obs_total_pS3	cond_il6_1	90	0.06992752407474252	sigma_pSTAT3	Exp5
obs_total_pS3	cond_il6_1	90	0.10849920046628764	sigma_pSTAT3	Exp6
obs_total_pS3	cond_il6_1	90	0.0464723674804617	sigma_pSTAT3	Exp7
obs_total_pS3	cond_il6_1	90	0.46585187227597125	sigma_pSTAT3	Exp8
obs_total_pS3	cond_il6_1	90	0.0	sigma_pSTAT3	Exp9
obs_total_pS3	cond_il6_10	0	0.0	sigma_pSTAT3	Exp1
obs_total_pS3	cond_il6_10	0	0.0	sigma_pSTAT3	Exp2
obs_total_pS3	cond_il6_10	0	0.0	sigma_pSTAT3	Exp3
obs_total_pS3	cond_il6_10	0	0.0	sigma_pSTAT3	Exp4
obs_total_pS3	cond_il6_10	0	0.0	sigma_pSTAT3	Exp5
obs_total_pS3	cond_il6_10	0	0.0	sigma_pSTAT3	Exp6
obs_total_pS3	cond_il6_10	0	0.0	sigma_pSTAT3	Exp7
obs_total_pS3	cond_il6_10	0	0.0	sigma_pSTAT3	Exp8
obs_total_pS3	cond_il6_10	0	0.0	sigma_pSTAT3	Exp9
obs_total_pS3	cond_il6_10	10	0.8067933942630362	sigma_pSTAT3	Exp1
obs_total_pS3	cond_il6_10	10	0.9684421585961781	sigma_pSTAT3	Exp2
obs_total_pS3	cond_il6_10	10	0.9515128535694969	sigma_pSTAT3	Exp3
obs_total_pS3	cond_il6_10	10	0.9511768717715503	sigma_pSTAT3	Exp4
obs_total_pS3	cond_il6_10	10	0.5507613738078411	sigma_pSTAT3	Exp5
obs_total_pS3	cond_il6_10	10	0.6206533192834562	sigma_pSTAT3	Exp6
obs_total_pS3	cond_il6_10	10	0.690339453985146	sigma_pSTAT3	Exp7
obs_total_pS3	cond_il6_10	10	0.7941878792326577	sigma_pSTAT3	Exp8
obs_total_pS3	cond_il6_10	10	0.8657712692591425	sigma_pSTAT3	Exp9
obs_total_pS3	cond_il6_10	20	1.0	sigma_pSTAT3	Exp1
obs_total_pS3	cond_il6_10	20	1.0	sigma_pSTAT3	Exp2
obs_total_pS3	cond_il6_10	20	1.0	sigma_pSTAT3	Exp3
obs_total_pS3	cond_il6_10	20	1.0	sigma_pSTAT3	Exp4
obs_total_pS3	cond_il6_10	20	1.0	sigma_pSTAT3	Exp5
obs_total_pS3	cond_il6_10	20	1.0	sigma_pSTAT3	Exp6
obs_total_pS3	cond_il6_10	20	1.0	sigma_pSTAT3	Exp7
obs_total_pS3	cond_il6_10	20	1.0	sigma_pSTAT3	Exp8
obs_total_pS3	cond_il6_10	20	1.0	sigma_pSTAT3	Exp9
obs_total_pS3	cond_il6_10	30	0.9408662422138022	sigma_pSTAT3	Exp1
obs_total_pS3	cond_il6_10	30	0.726759172050231	sigma_pSTAT3	Exp3
obs_total_pS3	cond_il6_10	30	0.9163115630176877	sigma_pSTAT3	Exp7
obs_total_pS3	cond_il6_10	30	0.9072529402593156	sigma_pSTAT3	Exp8
obs_total_pS3	cond_il6_10	30	0.4347972287282867	sigma_pSTAT3	Exp9
obs_total_pS3	cond_il6_10	45	0.15732028997128858	sigma_pSTAT3	Exp7
obs_total_pS3	cond_il6_10	45	0.8364313564840766	sigma_pSTAT3	Exp8
obs_total_pS3	cond_il6_10	45	0.21353338061560231	sigma_pSTAT3	Exp9
obs_total_pS3	cond_il6_10	60	0.3417039553057093	sigma_pSTAT3	Exp1
obs_total_pS3	cond_il6_10	60	0.24593293596663596	sigma_pSTAT3	Exp2
obs_total_pS3	cond_il6_10	60	0.29604912579387155	sigma_pSTAT3	Exp3
obs_total_pS3	cond_il6_10	60	0.17452578221521603	sigma_pSTAT3	Exp4
obs_total_pS3	cond_il6_10	60	0.3541875565472051	sigma_pSTAT3	Exp5
obs_total_pS3	cond_il6_10	60	0.1917808219178082	sigma_pSTAT3	Exp6
obs_total_pS3	cond_il6_10	60	0.13763213774147076	sigma_pSTAT3	Exp7
obs_total_pS3	cond_il6_10	60	0.5650338075302882	sigma_pSTAT3	Exp8
obs_total_pS3	cond_il6_10	60	0.0	sigma_pSTAT3	Exp9
obs_total_pS3	cond_il6_10	90	0.2237734003201681	sigma_pSTAT3	Exp2
obs_total_pS3	cond_il6_10	90	0.1350232706782307	sigma_pSTAT3	Exp4
obs_total_pS3	cond_il6_10	90	0.13096523293263712	sigma_pSTAT3	Exp5
obs_total_pS3	cond_il6_10	90	0.12961011591148577	sigma_pSTAT3	Exp6
obs_total_pS3	cond_il6_10	90	0.05979475703570574	sigma_pSTAT3	Exp7
obs_total_pS3	cond_il6_10	90	0.4590639983047577	sigma_pSTAT3	Exp8
obs_total_pS3	cond_il6_10	90	0.0	sigma_pSTAT3	Exp9
obs_total_pS3	cond_il6_10_il10_10	0	0.0	sigma_pSTAT3	Exp4
obs_total_pS3	cond_il6_10_il10_10	0	0.0	sigma_pSTAT3	Exp5
obs_total_pS3	cond_il6_10_il10_10	0	0.0	sigma_pSTAT3	Exp6
obs_total_pS3	cond_il6_10_il10_10	0	0.0	sigma_pSTAT3	Exp7
obs_total_pS3	cond_il6_10_il10_10	0	0.0	sigma_pSTAT3	Exp8
obs_total_pS3	cond_il6_10_il10_10	0	0.0	sigma_pSTAT3	Exp9
obs_total_pS3	cond_il6_10_il10_10	10	0.9769638932604419	sigma_pSTAT3	Exp4
obs_total_pS3	cond_il6_10_il10_10	10	0.748582474158421	sigma_pSTAT3	Exp5
obs_total_pS3	cond_il6_10_il10_10	10	0.8472075869336143	sigma_pSTAT3	Exp6
obs_total_pS3	cond_il6_10_il10_10	10	0.9577803409610854	sigma_pSTAT3	Exp7
obs_total_pS3	cond_il6_10_il10_10	10	0.9706227839495613	sigma_pSTAT3	Exp8
obs_total_pS3	cond_il6_10_il10_10	10	1.1426497280105505	sigma_pSTAT3	Exp9
obs_total_pS3	cond_il6_10_il10_10	20	1.0120200986697332	sigma_pSTAT3	Exp4
obs_total_pS3	cond_il6_10_il10_10	20	0.7674601451037529	sigma_pSTAT3	Exp5
obs_total_pS3	cond_il6_10_il10_10	20	1.047418335089568	sigma_pSTAT3	Exp6
obs_total_pS3	cond_il6_10_il10_10	20	1.0845076773041107	sigma_pSTAT3	Exp7
obs_total_pS3	cond_il6_10_il10_10	20	1.1183354877211122	sigma_pSTAT3	Exp8
obs_total_pS3	cond_il6_10_il10_10	20	1.078425463366777	sigma_pSTAT3	Exp9
obs_total_pS3	cond_il6_10_il10_10	30	0.9507175504991012	sigma_pSTAT3	Exp7
obs_total_pS3	cond_il6_10_il10_10	30	0.7879395930977261	sigma_pSTAT3	Exp8
obs_total_pS3	cond_il6_10_il10_10	30	1.1444821238127934	sigma_pSTAT3	Exp9
obs_total_pS3	cond_il6_10_il10_10	45	0.5395012937617817	sigma_pSTAT3	Exp7
obs_total_pS3	cond_il6_10_il10_10	45	1.0052783875445594	sigma_pSTAT3	Exp8
obs_total_pS3	cond_il6_10_il10_10	45	0.2727693352284095	sigma_pSTAT3	Exp9
obs_total_pS3	cond_il6_10_il10_10	60	0.8181564922020393	sigma_pSTAT3	Exp4
obs_total_pS3	cond_il6_10_il10_10	60	0.5054818027264603	sigma_pSTAT3	Exp5
obs_total_pS3	cond_il6_10_il10_10	60	0.6469968387776607	sigma_pSTAT3	Exp6
obs_total_pS3	cond_il6_10_il10_10	60	0.3348565613176734	sigma_pSTAT3	Exp7
obs_total_pS3	cond_il6_10_il10_10	60	0.8600057703114345	sigma_pSTAT3	Exp8
obs_total_pS3	cond_il6_10_il10_10	60	0.17800714954357352	sigma_pSTAT3	Exp9
obs_total_pS3	cond_il6_10_il10_10	90	0.5502463185253716	sigma_pSTAT3	Exp4
obs_total_pS3	cond_il6_10_il10_10	90	0.4533397113607017	sigma_pSTAT3	Exp5
obs_total_pS3	cond_il6_10_il10_10	90	0.44151738672286617	sigma_pSTAT3	Exp6
obs_total_pS3	cond_il6_10_il10_10	90	0.6518568169540723	sigma_pSTAT3	Exp7
obs_total_pS3	cond_il6_10_il10_10	90	0.9767763794646283	sigma_pSTAT3	Exp8
obs_total_pS3	cond_il6_10_il10_10	90	0.007599016673800275	sigma_pSTAT3	Exp9
obs_total_pS3	cond_il6_1_il10_1	0	0.0	sigma_pSTAT3	Exp4
obs_total_pS3	cond_il6_1_il10_1	0	0.0	sigma_pSTAT3	Exp5
obs_total_pS3	cond_il6_1_il10_1	0	0.0	sigma_pSTAT3	Exp6
obs_total_pS3	cond_il6_1_il10_1	0	0.0	sigma_pSTAT3	Exp7
obs_total_pS3	cond_il6_1_il10_1	0	0.0	sigma_pSTAT3	Exp8
obs_total_pS3	cond_il6_1_il10_1	0	0.0	sigma_pSTAT3	Exp9
obs_total_pS3	cond_il6_1_il10_1	10	0.5580262095702638	sigma_pSTAT3	Exp4
obs_total_pS3	cond_il6_1_il10_1	10	0.19560357402614434	sigma_pSTAT3	Exp5
obs_total_pS3	cond_il6_1_il10_1	10	0.1643835616438356	sigma_pSTAT3	Exp6
obs_total_pS3	cond_il6_1_il10_1	10	0.6601711129784924	sigma_pSTAT3	Exp7
obs_total_pS3	cond_il6_1_il10_1	10	0.61091645540076	sigma_pSTAT3	Exp8
obs_total_pS3	cond_il6_1_il10_1	10	0.5070442947380357	sigma_pSTAT3	Exp9
obs_total_pS3	cond_il6_1_il10_1	20	0.8659476770670357	sigma_pSTAT3	Exp4
obs_total_pS3	cond_il6_1_il10_1	20	0.6519096698589817	sigma_pSTAT3	Exp5
obs_total_pS3	cond_il6_1_il10_1	20	0.5079030558482613	sigma_pSTAT3	Exp6
obs_total_pS3	cond_il6_1_il10_1	20	1.0623846090526117	sigma_pSTAT3	Exp7
obs_total_pS3	cond_il6_1_il10_1	20	0.7898545164151815	sigma_pSTAT3	Exp8
obs_total_pS3	cond_il6_1_il10_1	20	0.8306428356122232	sigma_pSTAT3	Exp9
obs_total_pS3	cond_il6_1_il10_1	30	0.9526811319145193	sigma_pSTAT3	Exp7
obs_total_pS3	cond_il6_1_il10_1	30	0.7985674291423572	sigma_pSTAT3	Exp8
obs_total_pS3	cond_il6_1_il10_1	30	0.8485740229633341	sigma_pSTAT3	Exp9
obs_total_pS3	cond_il6_1_il10_1	45	0.2814730239306016	sigma_pSTAT3	Exp7
obs_total_pS3	cond_il6_1_il10_1	45	0.8684866247638201	sigma_pSTAT3	Exp8
obs_total_pS3	cond_il6_1_il10_1	45	0.28475676450453136	sigma_pSTAT3	Exp9
obs_total_pS3	cond_il6_1_il10_1	60	0.5915485021433436	sigma_pSTAT3	Exp4
obs_total_pS3	cond_il6_1_il10_1	60	0.38335313515518	sigma_pSTAT3	Exp5
obs_total_pS3	cond_il6_1_il10_1	60	0.5879873551106428	sigma_pSTAT3	Exp6
obs_total_pS3	cond_il6_1_il10_1	60	0.4713649387147894	sigma_pSTAT3	Exp7
obs_total_pS3	cond_il6_1_il10_1	60	0.7578778147463225	sigma_pSTAT3	Exp8
obs_total_pS3	cond_il6_1_il10_1	60	0.008621176229397834	sigma_pSTAT3	Exp9
obs_total_pS3	cond_il6_1_il10_1	90	0.5298750668070998	sigma_pSTAT3	Exp4
obs_total_pS3	cond_il6_1_il10_1	90	0.30234867348720035	sigma_pSTAT3	Exp5
obs_total_pS3	cond_il6_1_il10_1	90	0.5268703898840885	sigma_pSTAT3	Exp6
obs_total_pS3	cond_il6_1_il10_1	90	0.5346464611297379	sigma_pSTAT3	Exp7
obs_total_pS3	cond_il6_1_il10_1	90	0.7054785485036424	sigma_pSTAT3	Exp8
obs_total_pS3	cond_il6_1_il10_1	90	0.029046705046286352	sigma_pSTAT3	Exp9
